attempt,generation_status,intake_status,engineering_evaluation,error_count
formal/model_A/01,NOT_STARTED,INVALID,NOT_RUN,10
formal/model_A/02,NOT_STARTED,INVALID,NOT_RUN,10
formal/model_A/03,NOT_STARTED,INVALID,NOT_RUN,10
formal/model_A/04,NOT_STARTED,INVALID,NOT_RUN,10
formal/model_A/05,NOT_STARTED,INVALID,NOT_RUN,10
formal/model_B/01,NOT_STARTED,INVALID,NOT_RUN,10
formal/model_B/02,NOT_STARTED,INVALID,NOT_RUN,10
formal/model_B/03,NOT_STARTED,INVALID,NOT_RUN,10
formal/model_B/04,NOT_STARTED,INVALID,NOT_RUN,10
formal/model_B/05,NOT_STARTED,INVALID,NOT_RUN,10
formal/model_C/01,NOT_STARTED,INVALID,NOT_RUN,10
formal/model_C/02,NOT_STARTED,INVALID,NOT_RUN,10
formal/model_C/03,NOT_STARTED,INVALID,NOT_RUN,10
formal/model_C/04,NOT_STARTED,INVALID,NOT_RUN,10
formal/model_C/05,NOT_STARTED,INVALID,NOT_RUN,10
pilot/model_A/01,NOT_STARTED,INVALID,NOT_RUN,10
pilot/model_B/01,NOT_STARTED,INVALID,NOT_RUN,10
pilot/model_C/01,NOT_STARTED,INVALID,NOT_RUN,10
